Id|Categoria|Nombre|Provincia_id
380014|Municipio|Abra Pampa|38
386014|Comisión Municipal|Abralaite|38
380105|Municipio|Humahuaca|38
386007|Comisión Municipal|Abdón Castro Tolay|38
386161|Comisión Municipal|Coranzuli|38
380091|Municipio|El Aguilar|38
386168|Comisión Municipal|Susques|38
386210|Comisión Municipal|Caspalá|38
386175|Comisión Municipal|Huacalera|38
386154|Comisión Municipal|Catua|38
386217|Comisión Municipal|Pampichuela|38
386238|Comisión Municipal|Valle Grande|38
380147|Municipio|Yuto|38
386182|Comisión Municipal|Maimará|38
380126|Municipio|Calilegua|38
386126|Comisión Municipal|Vinalito|38
380140|Municipio|Libertador General San Martín|38
380133|Municipio|Fraile Pintado|38
380154|Municipio|Palpalá|38
380035|Municipio|San Salvador De Jujuy|38
386091|Comisión Municipal|Arrayanal|38
380196|Municipio|La Esperanza|38
386105|Comisión Municipal|Rodeíto|38
380252|Municipio|Santa Clara|38
380203|Municipio|La Mendieta|38
386084|Comisión Municipal|San Antonio|38
386112|Comisión Municipal|Rosario De Río Grande|38
380056|Municipio|El Carmen|38
380077|Municipio|Perico|38
660084|Municipio|La Merced|66
660035|Municipio|Las Lajitas|66
660252|Municipio|Tolar Grande|66
660056|Municipio|Cafayate|66
660077|Municipio|Cerrillos|66
660133|Municipio|Embarcación|66
660280|Municipio|Río Piedras|66
660119|Municipio|General Güemes|66
660343|Municipio|Santa Victoria Este|66
660364|Municipio|Campo Quijano|66
660378|Municipio|Angastaco|66
660126|Municipio|Aguaray|66
660413|Municipio|Santa Victoria Oeste|66
660406|Municipio|Nazareno|66
660168|Municipio|Guachipas|66
660266|Municipio|Metán|66
660315|Municipio|San Ramón De La Nueva Orán|66
660007|Municipio|Apolinario Saravia|66
660147|Municipio|General Mosconi|66
660399|Municipio|Los Toldos|66
660231|Municipio|Coronel Moldes|66
660308|Municipio|Pichanal|66
660028|Municipio|Joaquín V. González|66
060056|Municipio|Bahía Blanca|06
100063|Municipio|Belén|10
100077|Municipio|Hualfín|10
660042|Municipio|Cachi|66
660203|Municipio|El Jardín|66
660245|Municipio|San Antonio De Los Cobres|66
660273|Municipio|Molinos|66
100091|Municipio|Pozo De Piedra|10
100112|Municipio|San Fernando|10
100203|Municipio|San José|10
100210|Municipio|Santa María|10
100042|Municipio|Aconquija|10
100049|Municipio|Andalgalá|10
100196|Municipio|Saujil|10
100189|Municipio|Pomán|10
100185|Municipio|Mutquín|10
100140|Municipio|San Fernando Del Valle De Catamarca|10
100182|Municipio|Paclín|10
060280|Municipio|General Alvarado|06
460077|Municipio|General Lamadrid|46
460098|Municipio|Vinchina|46
460028|Municipio|Coronel Felipe Varela|46
460021|Municipio|Castro Barros|46
700049|Municipio|Iglesia|70
700119|Municipio|Valle Fértil|70
700112|Municipio|Ullum|70
700007|Municipio|Albardón|70
700133|Municipio|Zonda|70
500014|Municipio|General Alvear|50
500105|Municipio|San Rafael|50
700098|Municipio|Santa Lucía|70
700077|Municipio|Rawson|70
700056|Municipio|Jáchal|70
700021|Municipio|Calingasta|70
700126|Municipio|25 De Mayo|70
060357|Municipio|General Pueyrredón|06
060518|Municipio|Mar Chiquita|06
700028|Municipio|San Juan|70
585077|Comisión De Fomento|Guañacos|58
500084|Municipio|Rivadavia|50
500091|Municipio|San Carlos|50
500119|Municipio|Tunuyán|50
500063|Municipio|Luján De Cuyo|50
500049|Municipio|Las Heras|50
500056|Municipio|Lavalle|50
500077|Municipio|Malargüe|50
500007|Municipio|Capital|50
908322|Comuna|Manuel Garcia Fernandez|90
580210|Municipio|Rincón De Los Sauces|58
585105|Comisión De Fomento|Octavio Pico|58
580203|Municipio|Buta Ranquil|58
585126|Comisión De Fomento|Quili Malal|58
580238|Municipio|Mariano Moreno|58
580112|Municipio|Junín De Los Andes|58
580007|Municipio|Aluminé|58
580056|Municipio|Neuquén|58
580042|Municipio|Centenario|58
060644|Municipio|Pinamar|06
580049|Municipio|Cutral Có|58
580063|Municipio|Plaza Huincul|58
585112|Comisión De Fomento|El Sauce|58
580217|Municipio|Picún Leufú|58
580028|Municipio|Las Coloradas|58
585035|Comisión De Fomento|Santo Tomás|58
580161|Municipio|Los Miches|58
580182|Municipio|El Huecú|58
580126|Municipio|Loncopué|58
580105|Municipio|Tricao Malal|58
220042|Municipio|Isla Del Cerrito|22
580147|Municipio|Huinganco|58
585021|Comisión De Fomento|Los Chihuidos|58
585147|Comisión De Fomento|Ramón Castro|58
585133|Comisión De Fomento|Covunco Abajo|58
585028|Comisión De Fomento|Pilo Lil|58
585042|Comisión De Fomento|Sauzal Bonito|58
580119|Municipio|San Martín De Los Andes|58
220308|Municipio|Coronel Du Graty|22
220420|Municipio|Samuhú|22
220392|Municipio|Basail|22
220406|Municipio|Puerto Vilelas|22
220385|Municipio|Barranqueras|22
220098|Municipio|General Capdevila|22
060505|Municipio|Magdalena|06
060861|Municipio|Vicente López|06
540084|Municipio|Mártires|54
540168|Municipio|Santiago De Liniers|54
540504|Municipio|San Pedro|54
345042|Comisión De Fomento|Fortín Lugones|34
220350|Municipio|San Bernardo|22
220182|Delegación Municipal|Juan José Castelli|22
220189|Municipio|Miraflores|22
908259|Comuna|San Jose De La Cocha|90
908266|Comuna Rural|Yanima|90
220056|Municipio|Las Palmas|22
180217|Municipio|Yataytí Calle|18
220063|Delegación Municipal|Puerto Bermejo|22
220357|Municipio|Presidencia De La Plaza|22
060623|Municipio|Pergamino|06
060672|Municipio|Rauch|06
386273|Comisión Municipal|Yavi|38
180245|Municipio|Mercedes|18
220455|Municipio|Las Garcitas|22
220259|Municipio|Gral. San Martengeneral San Martín|22
180308|Municipio|Saladas|18
340252|Municipio|Villa Dos Trece|34
220294|Municipio|Presidencia Roca|22
220287|Municipio|Pampa Del Indio|22
220301|Municipio|Tres Isletas|22
060721|Municipio|Salliqueló|06
220203|Delegación Municipal|Villa Río Bermejito|22
220169|Municipio|Misión Nueva Pompeya|22
220175|Municipio|Fuerte Esperanza|22
220168|Delegación Municipal|El Sauzalito|22
220364|Delegación Municipal|Colonia Benitez|22
220441|Delegación Municipal|Colonias Elisa|22
180259|Municipio|Juan Pujol|18
180091|Municipio|Pueblo Libertador|18
180273|Municipio|Monte Caseros|18
180287|Municipio|Parada Pucheta|18
180455|Municipio|Sauce|18
180294|Municipio|Paso De Los Libres|18
180140|Municipio|Goya|18
180399|Municipio|9 De Julio|18
386259|Comisión Municipal|El Cóndor|38
180231|Municipio|Felipe Yofré|18
180056|Municipio|Tatacuá|18
180371|Municipio|La Cruz|18
180049|Municipio|Tabay|18
060196|Municipio|Coronel Pringles|06
180007|Municipio|Bella Vista|18
908581|Comuna|El Mollar|90
900105|Municipio|Municipalidad De Tafi Del Valle|90
180133|Municipio|Palmar Grande|18
180434|Municipio|Gobernador Ing. Valentín Virasoro|18
180077|Municipio|Empedrado|18
180175|Municipio|San Antonio|18
180161|Municipio|Colonia Liebig'S|18
345028|Comisión De Fomento|San Hilario|34
180119|Municipio|Itá Ibaté|18
180014|Municipio|Berón De Astrada|18
180336|Municipio|Santa Ana|18
180350|Municipio|San Luis Del Palmar|18
180322|Municipio|Paso De La Patria|18
180266|Municipio|Mocoretá|18
180143|Municipio|San Isidro|18
060707|Municipio|Saladillo|06
060455|Municipio|Las Flores|06
060686|Municipio|Rojas|06
060252|Municipio|Escobar|06
060105|Municipio|Bolívar|06
060511|Municipio|Maipú|06
060427|Municipio|La Matanza|06
060735|Municipio|San Antonio De Areco|06
060560|Municipio|Moreno|06
060308|Municipio|General Guido|06
060315|Municipio|General Juan Madariaga|06
060791|Municipio|Tandil|06
060203|Municipio|Coronel Suárez|06
060868|Municipio|Villa Gesell|06
060336|Municipio|General Lavalle|06
060420|Municipio|La Costa|06
060091|Municipio|Berazategui|06
060819|Municipio|Tornquist|06
060805|Municipio|Tigre|06
060875|Municipio|Villarino|06
900063|Municipio|Municipalidad De La Cocha|90
908231|Comuna Rural|El Sacrificio|90
060168|Municipio|Castelli|06
060119|Municipio|Brandsen|06
060147|Municipio|Carlos Casares|06
060826|Municipio|Trenque Lauquen|06
060693|Municipio|Roque Pérez|06
060595|Municipio|Olavarría|06
822490|Comuna|Pavón|82
746280|Comisión Municipal|Zanjitas|74
746252|Comisión Municipal|Beazley|74
908539|Comuna Rural|San Pedro Y San Antonio|90
908182|Comuna Rural|Gastona Y Belicha|90
900035|Municipio|Municipalidad De Concepcion|90
908525|Comuna Rural|Pampa Mayo|90
908161|Comuna|Alpachiri Y El Molino|90
908175|Comuna|Arcadia|90
908455|Comuna|Villa Quinteros|90
908392|Comuna|Capitan Caceres|90
908441|Comuna|Soldado Maldonado|90
908413|Comuna Rural|Los Sosa|90
060077|Municipio|Arrecifes|06
060140|Municipio|Capitán Sarmiento|06
060161|Municipio|Carmen De Areco|06
060714|Municipio|Salto|06
900098|Municipio|Municipalidad De Simoca|90
340119|Municipio|General Güemes|34
823554|Comuna|Huanqueros|82
060260|Municipio|Esteban Echeverría|06
060638|Municipio|Pilar|06
060497|Municipio|Luján|06
822763|Comuna|Arroyo Ceibal|82
908035|Comuna Rural|El Timbo|90
908595|Comuna Rural|Ancajuli|90
908616|Comuna|Los Nogales|90
908021|Comuna|El Naranjo Y El Sunchal|90
908609|Comuna Rural|La Esperanza|90
908602|Comuna|El Cadillal|90
908637|Comuna Rural|Tapia|90
060210|Municipio|Chacabuco|06
340210|Municipio|Riacho He-He|34
060364|Municipio|General Rodríguez|06
060469|Municipio|Lincoln|06
340140|Municipio|Pozo Del Tigre|34
060410|Municipio|Ituzaingó|06
822868|Comuna|Villa Ana|82
060525|Municipio|Marcos Paz|06
268119|Comuna Rural|Buen Pasto|26
060840|Municipio|Tres De Febrero|06
060224|Municipio|Chivilcoy|06
060112|Municipio|Bragado|06
823477|Comuna|Aguará Grande|82
268056|Comuna Rural|Carrenleufú|26
060490|Municipio|Lomas De Zamora|06
060658|Municipio|Quilmes|06
060630|Municipio|Pila|06
060084|Municipio|Benito Juárez|06
060063|Municipio|Balcarce|06
060049|Municipio|Azul|06
060812|Municipio|Tordillo|06
060756|Municipio|San Isidro|06
060602|Municipio|Patagones|06
060182|Municipio|Coronel De Marina Leonardo Rosales|06
060700|Municipio|Saavedra|06
060553|Municipio|Monte Hermoso|06
060476|Municipio|Lobería|06
060098|Municipio|Berisso|06
060749|Municipio|San Fernando|06
060882|Municipio|Zárate|06
060665|Municipio|Ramallo|06
060763|Municipio|San Nicolás|06
823862|Comuna|Angeloni|82
060277|Municipio|Florentino Ameghino|06
823953|Comuna|San Mart|82
060770|Municipio|San Pedro|06
823974|Comuna|Videla|82
822553|Comuna|Helvecia|82
820245|Municipio|Coronda|82
746245|Comisión Municipal|Balde|74
823750|Comuna|Casalegno|82
823540|Comuna|Dos Rosas Y La Legua|82
823512|Comuna|Colonia Bossi|82
823729|Comuna|Barrancas|82
823827|Comuna|Monje|82
823029|Comuna|Sauce Viejo|82
900133|Municipio|Yerba Buena|90
822854|Comuna|San Antonio De Obligado|82
822861|Comuna|Tacuarendí|82
823701|Comuna|Colonia Durán|82
822798|Comuna|Florencia|82
822140|Comuna|Bella Italia|82
540343|Municipio|Montecarlo|54
823596|Comuna|Las Palmeras|82
820277|Municipio|Venado Tuerto|82
820091|Municipio|Avellaneda|82
823631|Comuna|Palacios|82
823610|Comuna|Monigotes|82
823484|Comuna|Ambrosetti|82
340147|Municipio|San Martín Dos|34
822819|Comuna|La Sarita|82
824198|Comuna|Tartagal|82
820105|Municipio|Malabrigo|82
822770|Comuna|Berna|82
822847|Comuna|Nicanor Molinas|82
823302|Comuna|Juan De Garay|82
823911|Comuna|La Penca Y Caraguatá|82
823673|Comuna|Villa Saralegui|82
820329|Municipio|Calchaquí|82
824177|Comuna|La Gallareta|82
823883|Comuna|Esther|82
822322|Comuna|Pueblo Marini|82
822378|Comuna|Tacurales|82
822231|Comuna|Eusebia Y Carolina|82
822329|Comuna|Ramona|82
822133|Comuna|Bauer Y Sigel|82
822126|Comuna|Aurelia|82
824114|Comuna|María Susana|82
822189|Comuna|Colonia Margarita|82
820322|Municipio|Sastre|82
824100|Comuna|Las Petacas|82
823995|Comuna|Fuentes|82
823785|Comuna|Gessler|82
540196|Municipio|El Soberbio|54
823211|Comuna|San Carlos Sud|82
823232|Comuna|San Mariano|82
340056|Municipio|Herradura|34
340049|Municipio|General Lucio Victorio Mansilla|34
823141|Comuna|Matilde|82
823834|Comuna|San Eugenio|82
141596|Municipio|Ballesteros|14
820154|Municipio|Santo Tomé|82
620133|Municipio|Cipolletti|62
142455|Comuna|Río Bamba|14
940007|Municipio|Río Grande|94
823155|Comuna|Pilar|82
823001|Comuna|Monte Vera|82
900112|Municipio|Municipalidad De Las Talitas|90
822910|Comuna|Lucio V. López|82
823148|Comuna|Nuevo Torino|82
823099|Comuna|Humboldt|82
823400|Comuna|Fighiera|82
140147|Municipio|Río Ceballos|14
823050|Comuna|Cululú|82
823162|Comuna|Progreso|82
620252|Municipio|Ing. Jacobacci|62
823715|Comuna|Romang|82
823764|Comuna|Desvío Arijón|82
823092|Comuna|Hipatía|82
823274|Comuna|Soutomayor|82
822371|Comuna|Tacural|82
822014|Comuna|Montes De Oca|82
822273|Comuna|Humberto Primo|82
822882|Comuna|Bustinza|82
540070|Municipio|Cerro Corá|54
820294|Municipio|Roldán|82
540119|Municipio|Posadas|54
540406|Municipio|Panambí|54
540448|Municipio|Hipólito Irigoyen|54
908315|Comuna|Los Puestos|90
822924|Comuna|Pueblo Andino|82
822637|Comuna|Diego De Alvear|82
823421|Comuna|Piñero|82
822945|Comuna|Villa Eloísa|82
822469|Comuna|Juncal|82
822413|Comuna|Alcorta|82
540014|Municipio|Azara|54
540518|Municipio|Colonia Aurora|54
823351|Comuna|Acebal|82
823449|Comuna|Uranga|82
824037|Comuna|Villa Mugueta|82
822063|Comuna|Chañar Ladeado|82
822042|Comuna|Berabevú|82
822084|Comuna|Los Quirquinchos|82
822658|Comuna|La Chispa|82
822623|Comuna|Chovet|82
822070|Comuna|Gödeken|82
822686|Comuna|María Teresa|82
822518|Comuna|Santa Teresa|82
823393|Comuna|Coronel Bogado|82
820196|Municipio|Granadero Baigorria|82
140665|Municipio|Bialet Massé|14
820266|Municipio|Capitán Bermúdez|82
823414|Comuna|Ibarlucea|82
823372|Comuna|Alvear|82
823687|Comuna|Alejandra|82
540294|Municipio|Capioví|54
822931|Comuna|Salto Grande|82
822574|Comuna|Aarón Castellanos|82
620070|Municipio|El Bolson|62
620077|Municipio|San Carlos De Bariloche|62
620056|Municipio|Luis Beltran|62
620028|Municipio|Choele Choel|62
540469|Municipio|Santo Pipo|54
620098|Municipio|Campo Grande|62
540420|Municipio|Colonia Polana|54
620175|Municipio|Mainque|62
140112|Municipio|Jesús María|14
140826|Municipio|La Cautiva|14
540273|Municipio|Gobernador López|54
620168|Municipio|Ingeniero Huergo|62
625028|Comisión De Fomento|El Manso|62
140126|Municipio|La Granja|14
625189|Comisión De Fomento|Sierra Paileman|62
425112|Comisión De Fomento|Pichi Huinca|42
625126|Comisión De Fomento|Yaminué|62
625203|Comisión De Fomento|Colan Conhué|62
141001|Municipio|Colazo|14
625070|Comisión De Fomento|Mencuen|62
625217|Comisión De Fomento|Clemente Onelli|62
625140|Comisión De Fomento|Pilquiniyeu Del Limay|62
260007|Municipio|Puerto Madryn|26
260014|Municipio|Cholila|26
260161|Municipio|Río Pico|26
260126|Municipio|Alto Río Senguer|26
260147|Municipio|Gobernador Costa|26
260021|Municipio|El Hoyo|26
268014|Comuna Rural|Cushamen|26
268028|Comuna Rural|Dique Florentino Ameghino|26
268098|Comuna Rural|Doctor Ricardo Rojas|26
260070|Municipio|Corcovado|26
260140|Municipio|Sarmiento|26
265021|Comisión De Fomento|Paso De Indios|26
265007|Comisión De Fomento|Gualjaina|26
268049|Comuna Rural|Aldea Epulef|26
268105|Comuna Rural|Facundo|26
268126|Comuna Rural|Gan Gan|26
268112|Comuna Rural|Lago Blanco|26
268042|Comuna Rural|Lagunita Salada|26
268077|Comuna Rural|Las Plumas|26
268084|Comuna Rural|Los Altares|26
268070|Comuna Rural|Paso Del Sapo|26
420294|Municipio|Quehué|42
268133|Comuna Rural|Telsen|26
420035|Municipio|Arata|42
425140|Comisión De Fomento|Sarah|42
425091|Comisión De Fomento|Loventué|42
420217|Municipio|Lonquimay|42
420224|Municipio|Luan Toro|42
420070|Municipio|Carro Quemado|42
425105|Comisión De Fomento|Perú|42
425028|Comisión De Fomento|Colonia Santa María|42
420182|Municipio|Jacinto Arauz|42
420364|Municipio|Tomás Manuel Anchorena|42
425126|Comisión De Fomento|Relmo|42
420336|Municipio|Santa Rosa|42
425070|Comisión De Fomento|Gobernador Duval|42
425063|Comisión De Fomento|Falucho|42
422007|Comuna|Casa De Piedra|42
425042|Comisión De Fomento|Cuchillo Có|42
420011|Comisión De Fomento|Algarrobo Del Águila|42
420392|Municipio|Vértiz|42
140756|Municipio|Achiras|14
140084|Municipio|Agua De Oro|14
142133|Comuna|Alto De Los Quebrachos|14
142833|Comuna|Ambul|14
140483|Municipio|Arias|14
142609|Comuna|Atahona|14
141176|Municipio|Arroyito|14
140392|Municipio|Bengolea|14
141617|Municipio|Benjamín Gould|14
140504|Municipio|Cavanagh|14
141512|Municipio|Cañada De Luque|14
140042|Municipio|Villa Del Dique|14
142476|Comuna|Casa Grande|14
140406|Municipio|Charras|14
143239|Comuna|Colonia Bremen|14
142637|Comuna|Colonia Las Cuatro Esquinas|14
141197|Municipio|Colonia Marina|14
140511|Municipio|Colonia Italiana|14
142938|Comuna|Colonia Iturraspe|14
140098|Municipio|Colonia Tirolesa|14
142945|Comuna|Colonia Las Pichanas|14
140070|Municipio|Villa Yacanto|14
540511|Municipio|Alba Posse|54
142315|Comuna|El Rastreador|14
141008|Municipio|Costasacate|14
140007|Municipio|Embalse|14
141211|Municipio|Colonia San Bartolomé|14
140217|Municipio|Del Campillo|14
142364|Comuna|El Chacho|14
142658|Comuna|El Crispín|14
141239|Municipio|El Fortín|14
140546|Municipio|Guatimozín|14
143211|Comuna|El Rodeo|14
142371|Comuna|Estancia De Guadalupe|14
060351|Municipio|General Pinto|06
140294|Municipio|Etruria|14
140413|Municipio|General Cabrera|14
060742|Municipio|San Cayetano|06
060833|Municipio|Tres Arroyos|06
060189|Municipio|Coronel Dorrego|06
060581|Municipio|Necochea|06
142378|Comuna|Guasapampa|14
140686|Municipio|Huerta Grande|14
140224|Municipio|Huinca Renancó|14
141652|Municipio|Idiazabal|14
142812|Comuna|Impira|14
140623|Municipio|La Cesira|14
141260|Municipio|La Francia|14
060466|Municipio|Lezama|06
060218|Municipio|Chascomús|06
141267|Municipio|La Paquita|14
060655|Municipio|Punta Indio|06
060126|Municipio|Campana|06
141666|Municipio|Laborde|14
140630|Municipio|Laboulaye|14
141015|Municipio|Laguna Larga|14
540203|Municipio|San Vicente|54
142952|Comuna|Colonia San Pedro|14
143183|Comuna|La Pampa|14
142896|Comuna|La Población|14
142679|Comuna|La Posta|14
143029|Comuna|La Rancherita|14
142763|Comuna|La Rinconada|14
140420|Municipio|General Deheza|14
141274|Municipio|La Tordilla|14
140833|Municipio|Las Acequias|14
143141|Comuna|General Fotheringham|14
140840|Municipio|Las Higueras|14
143148|Comuna|Las Isletillas|14
141022|Municipio|Las Junturas|14
140616|Municipio|General Levalle|14
140847|Municipio|Las Vertientes|14
142448|Comuna|Leguizamón|14
142910|Comuna|Los Cerrillos|14
142196|Comuna|Los Chañaritos (C.D. Eje)|14
420077|Municipio|Catriló|42
140707|Municipio|Los Cocos|14
142917|Comuna|Los Hornillos|14
143190|Comuna|Los Mistoles|14
142287|Comuna|Los Pozos|14
142707|Comuna|Maquinista Gallini|14
141295|Municipio|Marull|14
142420|Comuna|Los Talares|14
141470|Municipio|Los Zorros|14
141554|Municipio|Lucio V. Mansilla|14
141029|Municipio|Luque|14
142924|Comuna|Luyaba|14
142581|Comuna|Malena|14
143155|Comuna|Pampayasta Norte|14
142861|Comuna|Panaholma|14
141036|Municipio|Manfredi|14
143050|Comuna|Potrero De Garay|14
141043|Municipio|Matorrales|14
140637|Municipio|Melo|14
140028|Municipio|Río De Los Sauces|14
142119|Comuna|Mi Granja|14
140854|Municipio|Monte De Los Gauchos|14
142224|Comuna|Nicolás Bruzzone|14
141099|Municipio|Nono|14
142322|Comuna|Pacheco De Melo|14
141057|Municipio|Pilar|14
142714|Comuna|Plaza De Mercedes|14
141064|Municipio|Pozo Del Molle|14
141715|Municipio|Pueblo Italiano|14
142245|Comuna|Ranqueles|14
142784|Comuna|Rayo Cortado|14
140644|Municipio|Rosales|14
143218|Comuna|Rosario Del Saladillo|14
142721|Comuna|Sagrada Familia|14
141722|Municipio|San Antonio De Litín|14
140882|Municipio|Santa Catalina|14
140462|Municipio|Santa Eufemia|14
141078|Municipio|Santiago Temple|14
908028|Comuna Rural|El Puestito|90
908490|Comuna|Atahona|90
540329|Municipio|Ruiz De Montoya|54
420322|Municipio|Rolón|42
908091|Comuna|El Bracho Y El Cevilar|90
908098|Comuna Rural|El Naranjito|90
140714|Municipio|San Esteban|14
908371|Comuna|San Pablo Y Villa Nougues|90
908427|Comuna|Santa Lucia|90
900077|Municipio|Municipalidad De Lules|90
141134|Municipio|San Javier Y Yacanto|14
142462|Comuna|San Joaquín|14
141561|Municipio|San José De La Dormida|14
141568|Municipio|San José De Las Salinas|14
141729|Municipio|San Marcos Sud|14
141575|Municipio|San Pedro Norte|14
142518|Comuna|San Roque|14
140721|Municipio|Santa María De Punilla|14
141344|Municipio|Saturnino María Laspiur|14
140959|Municipio|Sebastián Elcano|14
141351|Municipio|Seeber|14
142070|Comuna|Segunda Usina|14
140651|Municipio|Serrano|14
141365|Municipio|Villa Concepción Del Tío|14
140336|Municipio|Silvio Pellico|14
143085|Comuna|Villa Del Prado|14
540413|Municipio|San Martín|54
142392|Comuna|Talaini|14
142728|Comuna|Tinoco|14
141407|Municipio|Toledo|14
143092|Comuna|Villa La Bolsa|14
908224|Comuna|Comuna Villa Belgrano|90
140735|Municipio|Valle Hermoso|14
140175|Municipio|Villa Allende|14
140658|Municipio|Villa Rossi|14
425007|Comisión De Fomento|Adolfo Van Praet|42
141505|Municipio|Villa Ascasubi|14
142798|Comuna|Villa Candelaria Norte|14
142980|Comuna|Villa San Esteban|14
142441|Comuna|Villa De Pocho|14
420116|Comisión De Fomento|Dorila|42
142329|Comuna|Paso Del Durazno|14
140672|Municipio|Capilla Del Monte|14
540210|Municipio|Puerto Esperanza|54
425098|Comisión De Fomento|Maisonnave|42
746049|Comisión Municipal|Fraga|74
425119|Comisión De Fomento|Quetrequén|42
140952|Municipio|Villa Fontana|14
140252|Municipio|Villa Huidobro|14
143099|Comuna|Villa Los Aromos|14
143246|Comuna|Villa Los Patos|14
746266|Comisión Municipal|P. De Los Funes|74
746035|Comisión Municipal|Carolina|74
740028|Municipio|San Francisco|74
386245|Comisión Municipal|Barrios|38
386077|Comisión Municipal|Rinconada|38
908084|Comuna|Delfin Gallo|90
900021|Municipio|Municipalidad De Alderetes|90
940014|Municipio|Ushuaia|94
386147|Comisión Municipal|Santa Catalina|38
386133|Comisión Municipal|Cieneguillas|38
380406|Municipio|La Quiaca|38
386140|Comisión Municipal|Cusi Cusi|38
386266|Comisión Municipal|Pumahuasi|38
540483|Municipio|Itacaruaré|54
386070|Comisión Municipal|Mina Pirquitas|38
386021|Comisión Municipal|Puesto Del Marqués|38
386056|Comisión Municipal|Hipólito Yrigoyen|38
540238|Municipio|Almafuerte|54
386252|Comisión Municipal|Cangrejillos|38
386063|Comisión Municipal|Tres Cruces|38
386231|Comisión Municipal|Santa Ana|38
380119|Municipio|Caimancito|38
386189|Comisión Municipal|Purmamarca|38
380329|Municipio|Tilcara|38
380238|Municipio|El Talar|38
386224|Comisión Municipal|San Francisco|38
386196|Comisión Municipal|Tumbaya|38
386203|Comisión Municipal|Volcán|38
380245|Municipio|Palma Sola|38
386028|Comisión Municipal|Yala|38
386119|Comisión Municipal|El Piquete|38
386098|Comisión Municipal|El Fuerte|38
386049|Comisión Municipal|Puesto Viejo|38
380063|Municipio|Monterrico|38
660175|Municipio|Iruya|66
386042|Comisión Municipal|Pampa Blanca|38
660091|Municipio|Chicoana|66
386035|Comisión Municipal|Aguas Calientes|38
660392|Municipio|San Carlos|66
660224|Municipio|La Poma|66
660112|Municipio|El Bordo|66
380224|Municipio|San Pedro De Jujuy|38
660385|Municipio|Animaná|66
660070|Municipio|San Lorenzo|66
660322|Municipio|Urundel|66
660105|Municipio|Campo Santo|66
100084|Municipio|Londres|10
660238|Municipio|La Viña|66
660210|Municipio|El Tala|66
660217|Municipio|La Candelaria|66
100119|Municipio|Villa Vil|10
660287|Municipio|Seclantás|66
660182|Municipio|Isla De Cañas|66
660357|Municipio|Rosario De La Frontera|66
660189|Municipio|La Caldera|66
660259|Municipio|El Galpón|66
660161|Municipio|Tartagal|66
660140|Municipio|General Ballivián|66
660021|Municipio|General Pizarro|66
660063|Municipio|Salta|66
660196|Municipio|Vaqueros|66
660014|Municipio|El Quebrachal|66
660371|Municipio|Rosario De Lerma|66
660098|Municipio|El Carril|66
660336|Municipio|Rivadavia Banda Sur|66
660049|Municipio|Payogasta|66
660294|Municipio|Colonia Santa Rosa|66
660329|Municipio|Rivadavia Banda Norte|66
660154|Municipio|Profesor Salvador Mazza|66
660350|Municipio|El Potrero|66
660301|Municipio|Hipólito Yrigoyen|66
100238|Municipio|Valle Viejo|10
100035|Municipio|Ancasti|10
100056|Municipio|Antofagasta De La Sierra|10
100224|Municipio|Fiambalá|10
100231|Municipio|Tinogasta|10
100105|Municipio|Puerta De San José|10
100098|Municipio|Puerta De Corral Quemado|10
100028|Municipio|Los Varela|10
100014|Municipio|La Puerta|10
100021|Municipio|Las Juntas|10
100007|Municipio|El Rodeo|10
100213|Municipio|Los Altos|10
100147|Municipio|El Alto|10
100217|Municipio|Santa Rosa|10
100133|Municipio|Huillapima|10
100126|Municipio|Capayán|10
100161|Municipio|Fray Mamerto Esquiú|10
100175|Municipio|Recreo|10
100070|Municipio|Corral Quemado|10
100168|Municipio|Icaño|10
460105|Municipio|Independencia|46
100154|Municipio|Tapso|10
460084|Municipio|General Ocampo|46
460035|Municipio|Chamical|46
460007|Municipio|Arauco|46
460063|Municipio|General Belgrano|46
460014|Municipio|Capital|46
460126|Municipio|Sanagasta|46
460042|Municipio|Chilecito|46
220035|Municipio|General Vedia|22
460056|Municipio|General Ángel Vicente Peñaloza|46
460070|Municipio|General Juan Facundo Quiroga|46
460112|Municipio|Rosario Vera Peñaloza|46
460091|Municipio|General San Martín|46
460049|Municipio|Famatina|46
460119|Municipio|San Blas De Los Sauces|46
700042|Municipio|Chimbas|70
700063|Municipio|9 De Julio|70
700091|Municipio|San Martín|70
700084|Municipio|Rivadavia|70
700014|Municipio|Angaco|70
700035|Municipio|Caucete|70
700070|Municipio|Pocito|70
700105|Municipio|Sarmiento|70
500112|Municipio|Santa Rosa|50
500042|Municipio|La Paz|50
500126|Municipio|Tupungato|50
500028|Municipio|Guaymallén|50
500070|Municipio|Maipú|50
500021|Municipio|Godoy Cruz|50
500035|Municipio|Junín|50
500098|Municipio|San Martín|50
540098|Municipio|Santa Ana|54
580196|Municipio|Barrancas|58
580014|Municipio|Añelo|58
580231|Municipio|Las Lajas|58
580245|Municipio|Zapala|58
580077|Municipio|Senillosa|58
580252|Comisión De Fomento|Villa Pehuenia|58
585070|Comisión De Fomento|Villa Traful|58
580168|Municipio|Caviahue-Copahue|58
580070|Municipio|Plottier|58
580091|Municipio|Vista Alegre|58
540427|Municipio|Corpus|54
540462|Municipio|San Ignacio|54
580021|Municipio|San Patricio Del Chañar|58
540441|Municipio|Gobernador Roca|54
580084|Municipio|Villa El Chocón|58
580035|Municipio|Piedra Del Águila|58
585098|Comisión De Fomento|Villa Del Nahueve|58
580140|Municipio|Andacollo|58
580175|Municipio|El Cholar|58
580189|Municipio|Taquimilán|58
580224|Municipio|Bajada Del Agrio|58
580098|Municipio|Chos Malal|58
585056|Comisión De Fomento|Villa Curi Leuvú|58
585091|Comisión De Fomento|Varvarco - Invernada Vieja|58
585084|Comisión De Fomento|Manzano Amargo|58
585063|Comisión De Fomento|Chorriaca|58
585154|Comisión De Fomento|Villa Del Puente Picún Leufú|58
585014|Comisión De Fomento|Aguada San Roque|58
585049|Comisión De Fomento|Coyuco-Cochico|58
585140|Comisión De Fomento|Los Catutos|58
220119|Delegación Municipal|Chorotis|22
585119|Comisión De Fomento|Paso Aguerre|58
580154|Municipio|Las Ovejas|58
580133|Municipio|Villa La Angostura|58
220413|Delegación Municipal|Resistencia|22
220126|Municipio|Santa Sylvina|22
220112|Delegación Municipal|Hermoso Campo|22
220322|Municipio|Villa Ángela|22
220399|Municipio|Fontana|22
220462|Municipio|Cote Lai|22
220315|Municipio|Enrique Urien|22
220254|Municipio|Puerto Tirol|22
220469|Delegación Municipal|Charadai|22
540315|Municipio|Leoni|54
220231|Municipio|Colonia Popular|22
220371|Municipio|Margarita Belén|22
220049|Municipio|La Leonesa|22
220161|Municipio|Makallé|22
220238|Municipio|Laguna Blanca|22
220147|Municipio|Lapachito|22
220336|Municipio|La Clotilde|22
220091|Municipio|Gancedo|22
540371|Municipio|Colonia Alberdi|54
220140|Municipio|La Escondida|22
220427|Municipio|Villa Berthet|22
220154|Municipio|La Verde|22
220343|Municipio|La Tigra|22
220105|Delegación Municipal|General Pinedo|22
220434|Municipio|Capitán Solari|22
220084|Municipio|Charata|22
220217|Delegación Municipal|Campo Largo|22
220113|Municipio|Corzuela|22
220329|Municipio|Las Breñas|22
220070|Municipio|Puerto Eva Perón|22
220224|Municipio|Napenay|22
540161|Municipio|9 De Julio|54
220266|Delegación Municipal|La Eduvigis|22
220077|Municipio|Presidencia Roque Sáenz Peña|22
220280|Municipio|Pampa Almirón|22
220252|Municipio|Ciervo Petiso|22
220210|Municipio|Avia Terai|22
220273|Municipio|Laguna Limpia|22
220476|Delegación Municipal|Machagai|22
220378|Delegación Municipal|Quitilipi|22
220007|Municipio|Concepción Del Bermejo|22
220021|Municipio|Pampa Del Infierno|22
540056|Municipio|Bonpland|54
220014|Delegación Municipal|Los Frentones|22
220028|Municipio|Taco Pozo|22
220448|Municipio|Colonias Unidas|22
180252|Municipio|Colonia Libertad|18
180084|Municipio|Esquina|18
180063|Municipio|Curuzú Cuatiá|18
180280|Municipio|Bonpland|18
180378|Municipio|Yapeyú|18
180364|Municipio|Guaviraví|18
180238|Municipio|Mariano I. Loza|18
180301|Municipio|Tapebicuá|18
180427|Municipio|Garruchos|18
540280|Municipio|Leandro N. Alem|54
180137|Municipio|Carolina|18
180070|Municipio|Perugorría|18
180203|Municipio|Lavalle|18
180210|Municipio|Santa Lucía|18
180196|Municipio|Gobernador Martínez|18
180189|Municipio|Cruz De Los Milagros|18
180413|Municipio|Chavarría|18
180105|Municipio|Estación Torrent|18
180406|Municipio|Pedro R. Fernández|18
180098|Municipio|Alvear|18
180417|Municipio|Colonia Pando|18
180420|Municipio|San Roque|18
180357|Municipio|Colonia Carlos Pellegrini|18
180042|Municipio|Concepción|18
180147|Municipio|Itatí|18
180441|Municipio|Jose Rafael Gomez|18
180168|Municipio|Ituzaingó|18
180315|Municipio|San Lorenzo|18
180035|Municipio|Colonia Santa Rosa|18
180448|Municipio|Santo Tomé|18
180224|Municipio|Mburucuyá|18
180392|Municipio|San Miguel|18
180186|Municipio|Villa Olivari|18
180126|Municipio|Lomas De Vallejos|18
180028|Municipio|Riachuelo|18
180343|Municipio|Herlitzka|18
180112|Municipio|Caá Catí|18
060854|Municipio|25 De Mayo|06
060301|Municipio|General Belgrano|06
060547|Municipio|Monte|06
180385|Municipio|Loreto|18
540140|Municipio|Colonia Delicia|54
540175|Municipio|Bernardo De Irigoyen|54
540147|Municipio|Colonia Victoria|54
180182|Municipio|San Carlos|18
180021|Municipio|Corrientes|18
180154|Municipio|Ramada Paso|18
180329|Municipio|San Cosme|18
060412|Municipio|José C. Paz|06
060343|Municipio|General Paz|06
060014|Municipio|Adolfo Gonzales Chaves|06
060007|Municipio|Adolfo Alsina|06
060616|Municipio|Pellegrini|06
060651|Municipio|Puán|06
060392|Municipio|General Villegas|06
060028|Municipio|Almirante Brown|06
060441|Municipio|La Plata|06
060648|Municipio|Presidente Perón|06
060154|Municipio|Carlos Tejedor|06
060588|Municipio|9 De Julio|06
340168|Municipio|Espinillo|34
060609|Municipio|Pehuajó|06
540042|Municipio|Campo Grande|54
060483|Municipio|Lobos|06
060287|Municipio|General Alvear|06
540525|Municipio|25 De Mayo|54
540322|Municipio|Puerto Rico|54
340112|Municipio|General Belgrano|34
340175|Municipio|Misión Taacaglé|34
345056|Comisión De Fomento|Buena Vista|34
340169|Municipio|Laguna Blanca|34
345070|Comisión De Fomento|Siete Palmas|34
340203|Municipio|Laguna Naik Neck|34
340189|Municipio|Clorinda|34
345014|Comisión De Fomento|Colonia Pastoril|34
340259|Municipio|General Mosconi|34
060539|Municipio|Merlo|06
340077|Municipio|Ingeniero Guillermo N. Juárez|34
060266|Municipio|Exaltación De La Cruz|06
345007|Comisión De Fomento|Los Chiriguanos|34
060760|Municipio|San Miguel|06
060798|Municipio|Tapalqué|06
340133|Municipio|Las Lomitas|34
340098|Municipio|Estanislao Del Campo|34
340126|Municipio|Ibarreta|34
340091|Municipio|Comandante Fontana|34
340238|Municipio|Palo Santo|34
340245|Municipio|Pirané|34
345021|Comisión De Fomento|Gran Guardia|34
060413|Municipio|Junín|06
060847|Municipio|Tres Lomas|06
060042|Municipio|Ayacucho|06
060532|Municipio|Mercedes|06
060408|Municipio|Hurlingham|06
823722|Comuna|Arocena|82
060568|Municipio|Morón|06
060371|Municipio|General San Martín|06
060515|Municipio|Malvinas Argentinas|06
060784|Municipio|Suipacha|06
060021|Municipio|Alberti|06
060434|Municipio|Lanús|06
060728|Municipio|San Andrés De Giles|06
060329|Municipio|General Las Heras|06
345049|Comisión De Fomento|Subteniente Perín|34
060274|Municipio|Florencio Varela|06
340028|Municipio|Formosa|34
340063|Municipio|Misión San Francisco De Laishí|34
340224|Municipio|El Colorado|34
060385|Municipio|General Viamonte|06
540399|Municipio|Oberá|54
060574|Municipio|Navarro|06
060134|Municipio|Cañuelas|06
824163|Comuna|Golondrina|82
060778|Municipio|San Vicente|06
060322|Municipio|General La Madrid|06
060399|Municipio|Guaminí|06
340070|Municipio|Villa Escolar|34
060231|Municipio|Daireaux|06
060270|Municipio|Ezeiza|06
060035|Municipio|Avellaneda|06
060175|Municipio|Colón|06
060294|Municipio|General Arenales|06
060679|Municipio|Rivadavia|06
823946|Comuna|San Bernardo|82
823876|Comuna|Colonia Dolores|82
060406|Municipio|Hipólito Yrigoyen|06
060238|Municipio|Dolores|06
822364|Comuna|Susana|82
060245|Municipio|Ensenada|06
060448|Municipio|Laprida|06
822560|Comuna|Saladero Mariano Cabal|82
823281|Comuna|Esteban Rams|82
822546|Comuna|Colonia Mascias|82
823792|Comuna|Pueblo Irigoyen|82
060462|Municipio|Leandro N. Alem|06
824044|Comuna|Cañada Rosquín|82
822161|Comuna|Colonia Bigand|82
822497|Comuna|Pavón Arriba|82
822693|Comuna|Melincué|82
823897|Comuna|La Camila|82
060070|Municipio|Baradero|06
823617|Comuna|Monte Oscuridad|82
823666|Comuna|Suardi|82
823708|Comuna|La Brava|82
823960|Comuna|Silva|82
823918|Comuna|Marcelino Escalada|82
823939|Comuna|Ramayón|82
823694|Comuna|Cacique Ariacaiquín|82
820259|Municipio|San Justo|82
942007|Municipio|Tolhuin|94
824184|Comuna|Los Amores|82
822833|Comuna|Las Garzas|82
823589|Comuna|Las Avispas|82
820336|Municipio|Vera|82
822938|Comuna|Serodino|82
824023|Comuna|San Jerónimo Sud|82
822532|Comuna|Theobald|82
823295|Comuna|Gregoria Pérez De Denis|82
823841|Comuna|San Fabián|82
822476|Comuna|La Vanguardia|82
823526|Comuna|Constanza|82
820256|Municipio|San Genaro|82
823337|Comuna|Santa Margarita|82
823288|Comuna|Gato Colorado|82
540217|Municipio|Iguazú|54
822875|Comuna|Villa Guillermina|82
822784|Comuna|El Rabón|82
820098|Municipio|Las Toscas|82
820112|Municipio|Reconquista|82
824142|Comuna|Cañada Ombú|82
823330|Comuna|San Bernardo|82
824149|Comuna|Fortín Olmos|82
823645|Comuna|San Guillermo|82
823533|Comuna|Curupaity|82
823491|Comuna|Arrufo|82
823582|Comuna|La Rubia|82
823505|Comuna|Colonia Ana|82
823680|Comuna|Villa Trinidad|82
823519|Comuna|Colonia Rosa|82
823603|Comuna|Moisés Ville|82
823575|Comuna|La Lucila|82
823498|Comuna|Capivara|82
823568|Comuna|Colonia La Clara|82
823316|Comuna|Montefiore|82
823547|Comuna|Hersilia|82
823344|Comuna|Villa Minetti|82
820224|Municipio|Ceres|82
823624|Comuna|Ñanducita|82
823561|Comuna|La Cabral|82
820231|Municipio|San Cristóbal|82
823904|Comuna|La Criolla|82
820147|Municipio|Santa Fe|82
823652|Comuna|Santurce|82
823967|Comuna|Vera Y Pintado|82
824170|Comuna|Intiyaco|82
823659|Comuna|Soledad|82
823323|Comuna|Pozo Borrado|82
820175|Municipio|Tostado|82
823309|Comuna|Logroño|82
822777|Comuna|El Arazá|82
824205|Comuna|Toba|82
820161|Municipio|Esperanza|82
822959|Comuna|Arroyo Leyes|82
823638|Comuna|Portugalete|82
823869|Comuna|Cayastacito|82
823925|Comuna|Naré|82
823890|Comuna|Gobernador Crespo|82
822168|Comuna|Castellanos|82
823932|Comuna|Pedro Gómez Cello|82
822266|Comuna|Hugentobler|82
824156|Comuna|Garabato|82
822147|Comuna|Colonia Aldao|82
822245|Comuna|Fidela|82
824191|Comuna|Margarita|82
822826|Comuna|Lanteri|82
822812|Comuna|Ingeniero Chanourdie|82
822385|Comuna|Vila|82
822203|Comuna|Coronel Fraga|82
822343|Comuna|San Antonio|82
822357|Comuna|Santa Clara De Saguier|82
822336|Comuna|Saguier|82
822392|Comuna|Villa San José|82
820042|Municipio|Rafaela|82
822315|Comuna|Presidente Roca|82
822308|Comuna|Plaza Clucellas|82
822224|Comuna|Estación Clucellas|82
822112|Comuna|Angélica|82
823246|Comuna|Santa María Centro|82
822175|Comuna|Colonia Cello|82
822280|Comuna|Josefina|82
820035|Municipio|Frontera|82
822406|Comuna|Zenón Pereyra|82
822238|Comuna|Eustolia|82
822294|Comuna|María Juana|82
822259|Comuna|Garibaldi|82
822217|Comuna|Esmeralda|82
822840|Comuna|Los Laureles|82
820238|Municipio|San Javier|82
824065|Comuna|Castelar|82
822350|Comuna|San Vicente|82
824128|Comuna|San Mart|82
824135|Comuna|Traill|82
820315|Municipio|San Jorge|82
824079|Comuna|Crispi|82
824051|Comuna|Carlos Pellegrini|82
824058|Comuna|Casas|82
820308|Municipio|El Trébol|82
824121|Comuna|Piamonte|82
824107|Comuna|Los Cardos|82
824093|Comuna|Las Bandurrias|82
822182|Comuna|Colonia Iturraspe|82
823757|Comuna|Centeno|82
820252|Municipio|Gálvez|82
823239|Comuna|Santa Clara De Buena Vista|82
822903|Comuna|Correa|82
540336|Municipio|Caraguatay|54
823813|Comuna|López|82
823743|Comuna|Campo Piaggio|82
823806|Comuna|Loma Alta|82
824086|Comuna|Landeta|82
823190|Comuna|Sa Pereyra|82
823197|Comuna|San Agustín|82
823771|Comuna|Díaz|82
823736|Comuna|Bernardo De Irigoyen|82
823043|Comuna|Colonia San José|82
822483|Comuna|M9Ximo Paz|82
823820|Comuna|Maciel|82
822448|Comuna|General Gelly|82
823078|Comuna|Franck|82
823127|Comuna|Las Tunas|82
823064|Comuna|Empalme San Carlos|82
823218|Comuna|San Jerónimo Del Sauce|82
820168|Municipio|San Carlos Centro|82
823204|Comuna|San Carlos Norte|82
823022|Comuna|San José Del Rincón|82
140679|Municipio|Cosquín|14
540105|Municipio|Fachinal|54
823799|Comuna|Larrechea|82
540301|Municipio|El Alcázar|54
823225|Comuna|San Jerónimo Norte|82
823253|Comuna|Santa María Norte|82
823176|Comuna|Pujato Norte|82
823435|Comuna|Pueblo Muñoz|82
820144|Municipio|Recreo|82
822567|Comuna|Santa Rosa De Calchines|82
822539|Comuna|Cayastá|82
822952|Comuna|Arroyo Aguiar|82
823036|Comuna|Cavour|82
822980|Comuna|Candioti|82
822973|Comuna|Campo Andino|82
900049|Municipio|Municipalidad De Graneros|90
908378|Comuna|Acheral|90
908336|Comuna|Rio Colorado|90
820140|Municipio|Laguna Paiva|82
823008|Comuna|Nelson|82
823183|Comuna|Rivadavia|82
823085|Comuna|Grutly|82
823071|Comuna|Felicia|82
822287|Comuna|Lehmann|82
822994|Comuna|Llambi Campbell|82
900014|Municipio|Municipalidad De San Miguel De Tucuman|90
822966|Comuna|Cabal|82
822987|Comuna|Emilia|82
823260|Comuna|Santo Domingo|82
823134|Comuna|María Luisa|82
823120|Comuna|La Pelada|82
823169|Comuna|Providencia|82
823106|Comuna|Ituzaingó|82
823113|Comuna|Jacinto L. Arauz|82
822399|Comuna|Virginia|82
822154|Comuna|Colonia Bicha|82
820049|Municipio|Sunchales|82
824072|Comuna|Colonia Belgrano|82
822119|Comuna|Ataliva|82
822252|Comuna|Galisteo|82
823267|Comuna|Sarmiento|82
822007|Comuna|Bouquet|82
824030|Comuna|Timbúes|82
823057|Comuna|Elisa|82
822301|Comuna|Maua|82
820014|Municipio|Las Parejas|82
820133|Municipio|Totoras|82
820021|Municipio|Las Rosas|82
540455|Municipio|Jardín América|54
822021|Comuna|Tortugas|82
820007|Municipio|Armstrong|82
820070|Municipio|Rufino|82
822728|Comuna|San Gregorio|82
822196|Comuna|Colonia Raquel|82
822672|Comuna|Lazzarino|82
822630|Comuna|Christophersen|82
822581|Comuna|Amenábar|82
822896|Comuna|Clason|82
620266|Municipio|Maquinchao|62
620238|Municipio|Sierra Grande|62
620224|Municipio|Pilcaniyeu|62
823981|Comuna|Aldao|82
822504|Comuna|Peyrano|82
620231|Municipio|San Antonio Oeste|62
822427|Comuna|Cañada Rica|82
822525|Comuna|Sargento Cabral|82
822434|Comuna|Cepeda|82
822077|Comuna|Los Molinos|82
820028|Municipio|Casilda|82
260049|Municipio|Comodoro Rivadavia|26
822749|Comuna|Teodelina|82
822756|Comuna|Wheelwright|82
908385|Comuna Rural|Amberes|90
908546|Comuna|Santa Cruz Y La Tuna|90
822028|Comuna|Arequito|82
908588|Comuna Rural|Raco|90
822091|Comuna|San José De La Esquina|82
822098|Comuna|Sanford|82
820189|Municipio|Funes|82
820203|Municipio|Pérez|82
822035|Comuna|Arteaga|82
823365|Comuna|Álvarez|82
822511|Comuna|Rueda|82
822462|Comuna|Juan Bernabé Molina|82
823379|Comuna|Arminda|82
820273|Municipio|Carcarañá|82
823358|Comuna|Albarellos|82
823470|Comuna|Coronel Domínguez|82
822441|Comuna|Empalme Villa Constitución|82
822455|Comuna|Godoy|82
822056|Comuna|Chabas|82
822707|Comuna|Murphy|82
822105|Comuna|Villada|82
822595|Comuna|Cañada Del Ucle|82
820063|Municipio|Firmat|82
822420|Comuna|Bombal|82
822609|Comuna|Carreras|82
822665|Comuna|Labordeboy|82
822651|Comuna|Hughes|82
820084|Municipio|Villa Cañás|82
822644|Comuna|Elortondo|82
822742|Comuna|Santa Isabel|82
822602|Comuna|Carmen|82
822588|Comuna|Cafferata|82
822679|Comuna|Maggiolo|82
822721|Comuna|San Francisco De Santa Fe|82
822735|Comuna|Sancti Spiritu|82
822714|Comuna|San Eduardo|82
822700|Comuna|Miguel Torres|82
822049|Comuna|Bigand|82
822616|Comuna|Chapuy|82
823386|Comuna|Carmen Del Sauce|82
823442|Comuna|Soldini|82
824002|Comuna|Luis Palacios|82
820126|Municipio|Cañada De Gómez|82
823988|Comuna|Coronel Arnold|82
823463|Comuna|Zavalla|82
822889|Comuna|Carrizales|82
820301|Municipio|San Lorenzo|82
820280|Municipio|Fray Luis Beltrán|82
823407|Comuna|General Lagos|82
823456|Comuna|Villa Amelia|82
820217|Municipio|Villa Gobernador Gálvez|82
822917|Comuna|Oliveros|82
823428|Comuna|Pueblo Esther|82
820056|Municipio|Villa Constitución|82
823778|Comuna|Gaboto|82
822791|Comuna|El Sombrerito|82
822805|Comuna|Guadalupe Norte|82
822210|Comuna|Egusquiza|82
824016|Comuna|Ricardone|82
824009|Comuna|Pujato|82
820182|Municipio|Arroyo Seco|82
620217|Municipio|Comallo|62
620259|Municipio|Los Menucos|62
620245|Municipio|Valcheta|62
620196|Municipio|Sierra Colorada|62
620189|Municipio|Ministro Ramos Mexia|62
620154|Municipio|Gral. Fdez. Oro|62
420385|Municipio|Veinticinco De Mayo|42
620007|Municipio|Guardia Mitre|62
620161|Municipio|Gral. Roca|62
620084|Municipio|Gral. Conesa|62
540364|Municipio|Campo Viera|54
620063|Municipio|Pomona|62
141372|Municipio|Alta Gracia|14
620203|Municipio|Ñorquinco|62
620049|Municipio|Lamarque|62
620035|Municipio|Coronel Belisle|62
620042|Municipio|Darwin|62
620021|Municipio|Chimpay|62
620119|Municipio|Chichinales|62
620112|Municipio|Cervantes|62
620091|Municipio|Allen|62
540266|Municipio|Dos Arroyos|54
620126|Municipio|Cinco Saltos|62
620140|Municipio|Contralmirante Cordero|62
620105|Municipio|Catriel|62
620273|Municipio|Dina Huapi|62
620147|Municipio|Gral. Enrique Godoy|62
540126|Municipio|Concepción De La Sierra|54
620182|Municipio|Villa Regina|62
620210|Municipio|Rìo Colorado|62
142805|Comuna|Colonia Videla|14
625014|Comisión De Fomento|San Javier|62
625154|Comisión De Fomento|Arroyo Ventana|62
625231|Comisión De Fomento|Laguna Blanca|62
625252|Comisión De Fomento|Pilquiniyeu|62
625182|Comisión De Fomento|Nahuel Niyeu|62
625175|Comisión De Fomento|Chipauquil|62
625105|Comisión De Fomento|Peñas Blancas|62
625035|Comisión De Fomento|Paso Flores|62
625077|Comisión De Fomento|Aguada Guzman|62
625112|Comisión De Fomento|Valle Azul|62
625042|Comisión De Fomento|Villa Llanquin|62
625147|Comisión De Fomento|Arroyo Los Berros|62
141253|Municipio|Freyre|14
625119|Comisión De Fomento|Rincon De Treneta|62
625210|Comisión De Fomento|Comico|62
625259|Comisión De Fomento|Prahuaniyeu|62
625224|Comisión De Fomento|El Cain|62
625168|Comisión De Fomento|Aguada Cecilio|62
625161|Comisión De Fomento|Cona Niyeu|62
625056|Comisión De Fomento|El Cuy|62
625196|Comisión De Fomento|Aguada De Guerra|62
625098|Comisión De Fomento|Naupa Huen|62
625245|Comisión De Fomento|Ojos De Agua|62
625238|Comisión De Fomento|Mamuel Choique|62
625266|Comisión De Fomento|Rio Chico|62
620014|Municipio|Viedma|62
260028|Municipio|El Maitén|26
260042|Municipio|Lago Puelo|26
260112|Municipio|Rawson|26
265014|Comisión De Fomento|28 De Julio|26
540245|Municipio|Arroyo Del Medio|54
260035|Municipio|Epuyén|26
260091|Municipio|Dolavon|26
260119|Municipio|Trelew|26
260098|Municipio|Gaiman|26
260154|Municipio|José De San Martín|26
268091|Comuna Rural|Aldea Beleiro|26
260077|Municipio|Esquel|26
265028|Comuna Rural|Puerto Pirámides|26
260105|Municipio|Tecka|26
260056|Municipio|Rada Tilly|26
260084|Municipio|Trevelín|26
268147|Comuna Rural|Dr. Atilio Oscar Viglione|26
260133|Municipio|Río Mayo|26
260063|Municipio|Camarones|26
420007|Municipio|Abramo|42
420343|Municipio|Santa Teresa|42
420140|Municipio|General Campos|42
420371|Municipio|Trenel|42
420308|Municipio|Rancul|42
420105|Municipio|Coronel Hilario Lagos|42
420049|Municipio|Bernardo Larroude|42
420084|Municipio|Ceballos|42
420175|Municipio|Intendente Alvear|42
268021|Comuna Rural|Cerro Centinela|26
268063|Comuna Rural|Colan Conhué|26
268035|Comuna Rural|Gastre|26
420259|Municipio|Miguel Riglos|42
420357|Municipio|Toay|42
420287|Municipio|Puelén|42
420210|Municipio|La Maruja|42
420231|Municipio|Macachín|42
420168|Municipio|Ingeniero Luiggi|42
420126|Municipio|Embajador Martini|42
420119|Municipio|Eduardo Castex|42
420266|Municipio|Monte Nievas|42
420301|Municipio|Quemú Quemú|42
420406|Municipio|Villa Mirasol|42
420091|Municipio|Colonia Barón|42
420413|Municipio|Winifreda|42
420329|Municipio|Santa Isabel|42
420350|Municipio|Telén|42
420042|Municipio|Ataliva Roca|42
420014|Municipio|Alpachiri|42
420056|Municipio|Bernasconi|42
420399|Municipio|Victorica|42
420245|Municipio|Metileo|42
420378|Municipio|Uriburu|42
420098|Municipio|Conhelo|42
420133|Municipio|General Acha|42
425154|Comisión De Fomento|Unanue|42
420161|Municipio|Guatraché|42
425147|Comisión De Fomento|Speluzzi|42
425049|Comisión De Fomento|Chacharramendi|42
141092|Municipio|Mina Clavero|14
420189|Municipio|La Adela|42
425077|Comisión De Fomento|La Reforma|42
425084|Comisión De Fomento|Limay Mahuida|42
420021|Municipio|Alta Italia|42
420028|Municipio|Anguil|42
420238|Municipio|Mauricio Mayer|42
420154|Municipio|General San Martín|42
420196|Municipio|La Humada|42
420112|Municipio|Doblas|42
420273|Municipio|Parera|42
425133|Comisión De Fomento|Rucanelo|42
420063|Municipio|Caleufú|42
420147|Municipio|General Pico|42
425014|Comisión De Fomento|Agustoni|42
420252|Municipio|Miguel Cané|42
420280|Municipio|Puelches|42
140763|Municipio|Adelia María|14
140770|Municipio|Alcira|14
141421|Municipio|Almafuerte|14
140777|Municipio|Alpa Corral|14
141589|Municipio|Alto Alegre|14
420315|Municipio|Realicó|42
142007|Comuna|Amboy|14
142987|Comuna|Anisacate|14
142840|Comuna|Arroyo Los Patos|14
143225|Comuna|Aldea Santa María|14
140280|Municipio|Ausonia|14
142259|Comuna|Avellaneda|14
141603|Municipio|Ballesteros Sud|14
141183|Municipio|Balnearia|14
142140|Comuna|Bañado De Soto|14
141610|Municipio|Bell Ville|14
140784|Municipio|Berrotarán|14
140385|Municipio|Alejandro Roca|14
140476|Municipio|Alejo Ledesma|14
141162|Municipio|Alicia|14
140273|Municipio|Arroyo Cabral|14
142994|Comuna|Bouwer|14
141190|Municipio|Brinkmann|14
140210|Municipio|Buchardo|14
141169|Municipio|Altos De Chipión|14
143232|Comuna|Ana Zumarán|14
540252|Municipio|Caa Yarí|54
142308|Comuna|Assunta|14
140791|Municipio|Bulnes|14
540287|Municipio|Olegario V. Andrade|54
142469|Comuna|Cabalango|14
140973|Municipio|Calchín|14
140980|Municipio|Calchín Oeste|14
540259|Municipio|Cerro Azul|54
142014|Comuna|Calmayo|14
140490|Municipio|Camilo Aldao|14
143120|Comuna|Caminiaga|14
141624|Municipio|Canals|14
143169|Comuna|Candelaria Sud|14
142623|Comuna|Capilla De Los Remedios|14
140987|Municipio|Capilla Del Carmen|14
143176|Comuna|Capilla Del Sitón|14
140497|Municipio|Capitán General B. O'Higgins|14
140399|Municipio|Carnerillo|14
140994|Municipio|Carrilobo|14
142266|Comuna|Cañada De Río Pinto|14
142735|Comuna|Cerro Colorado|14
140798|Municipio|Chaján|14
142630|Comuna|Chalacea|14
142406|Comuna|Chancaní|14
142483|Comuna|Charbonier|14
140287|Municipio|Chazón|14
142742|Comuna|Chañar Viejo|14
141631|Municipio|Chilibroste|14
143204|Comuna|Churqui Cañada|14
142273|Comuna|Chuña|14
142616|Comuna|Cañada De Machado|14
142021|Comuna|Cañada Del Sauce|14
143127|Comuna|Chuña Huasi|14
142357|Comuna|Ciénaga Del Coro|14
142553|Comuna|Chucul|14
140091|Municipio|Colonia Caroya|14
141204|Municipio|Colonia Prosperidad|14
142644|Comuna|Comechingones|14
141638|Municipio|Cintra|14
141428|Municipio|Colonia Almada|14
142931|Comuna|Colonia Anita|14
142336|Comuna|Colonia Barge|14
141645|Municipio|Colonia Bismarck|14
142959|Comuna|Colonia Valtelina|14
142098|Comuna|Colonia Vicente Agüero|14
141218|Municipio|Colonia Vignaud|14
142889|Comuna|Conlara|14
142280|Comuna|Copacabana|14
140812|Municipio|Coronel Moldes|14
141435|Municipio|Corralito|14
140525|Municipio|Cruz Alta|14
142147|Comuna|Cruz De Caña|14
140805|Municipio|Coronel Baigorria|14
140518|Municipio|Corral De Bustos|14
142490|Comuna|Cuesta Blanca|14
141379|Municipio|Despeñaderos|14
141225|Municipio|Devoto|14
142651|Comuna|Diego De Rojas|14
143001|Comuna|Dique Chico|14
140182|Municipio|Cruz Del Eje|14
141232|Municipio|El Arañado|14
141442|Municipio|Dalmacio Vélez|14
140371|Municipio|Deán Funes|14
142105|Comuna|El Manzano|14
142154|Comuna|El Brete|14
141246|Municipio|El Tío|14
142665|Comuna|Esquina|14
140819|Municipio|Elena|14
142112|Comuna|Estación General Paz|14
140105|Municipio|Estación Juárez Celman|14
142497|Comuna|Estancia Vieja|14
142749|Comuna|Eufrasio Loza|14
143008|Comuna|Falda Del Carmen|14
140532|Municipio|General Baldissera|14
142161|Comuna|Guanaco Muerto|14
141456|Municipio|James Craik|14
140539|Municipio|General Roca|14
141449|Municipio|Hernando|14
140427|Municipio|Huanchilla|14
140560|Municipio|Isla Verde|14
142756|Comuna|Gütemberg|14
140238|Municipio|Jovita|14
141659|Municipio|Justiniano Posse|14
142672|Comuna|Kilómetro 658|14
142168|Comuna|La Batea|14
140553|Municipio|Inriville|14
140231|Municipio|Italó|14
540434|Municipio|General J. J. Urquiza|54
140119|Municipio|La Calera|14
140434|Municipio|La Carlota|14
142560|Comuna|La Carolina El Potosi|14
540392|Municipio|Los Helechos|54
140014|Municipio|La Cruz|14
142532|Comuna|Villa Parque Siquiman|14
140693|Municipio|La Cumbre|14
143015|Comuna|La Cumbrecita|14
140700|Municipio|La Falda|14
142175|Comuna|La Higuera|14
140301|Municipio|La Laguna|14
140077|Municipio|Córdoba|14
143022|Comuna|La Paisanita|14
140308|Municipio|La Palestina|14
140903|Municipio|La Para|14
141127|Municipio|La Paz|14
142385|Comuna|La Playa|14
140315|Municipio|La Playosa|14
140910|Municipio|La Puerta|14
142686|Comuna|La Quinta|14
143036|Comuna|La Serranita|14
142567|Comuna|Las Albahacas|14
141547|Municipio|Las Arrias|14
142028|Comuna|Las Bajadas|14
142035|Comuna|Las Caleras|14
142847|Comuna|Las Calles|14
142182|Comuna|Las Cañadas|14
142693|Comuna|Las Gramillas|14
142413|Comuna|Las Palmas|14
141463|Municipio|Las Perdices|14
141519|Municipio|Las Peñas|14
142574|Comuna|Las Peñas Sud|14
142189|Comuna|Las Playas|14
141281|Municipio|Las Varas|14
142854|Comuna|Las Rabonas|14
142700|Comuna|Las Saladas|14
142903|Comuna|Las Tapias|14
141288|Municipio|Las Varillas|14
140567|Municipio|Leones|14
143043|Comuna|Los Cedros|14
142819|Comuna|Los Chañaritos|14
140441|Municipio|Los Cisnes|14
142770|Comuna|Los Hoyos|14
142042|Comuna|Los Molinos|14
140574|Municipio|Los Surgentes|14
142056|Comuna|Lutti|14
540490|Municipio|Mojón Grande|54
140322|Municipio|Luca|14
540378|Municipio|Gral. Alvear|54
142049|Comuna|Los Reartes|14
141386|Municipio|Lozada|14
141393|Municipio|Malagueño|14
140133|Municipio|Malvinas Argentinas|14
140581|Municipio|Marcos Juárez|14
140245|Municipio|Mattaldi|14
142504|Comuna|Mayu Sumaj|14
142203|Comuna|Media Naranja|14
140140|Municipio|Mendiolaza|14
141302|Municipio|Miramar|14
140588|Municipio|Monte Buey|14
140917|Municipio|Monte Cristo|14
141673|Municipio|Monte Leña|14
141680|Municipio|Monte Maíz|14
141400|Municipio|Monte Ralo|14
141687|Municipio|Morrison|14
141309|Municipio|Morteros|14
141694|Municipio|Noetinger|14
140924|Municipio|Obispo Trejo|14
140448|Municipio|Olaeta|14
141477|Municipio|Oliva|14
142294|Comuna|Olivares De San Nicolás|14
142231|Comuna|Onagoity|14
141050|Municipio|Oncativo|14
141701|Municipio|Ordóñez|14
140329|Municipio|Pasco|14
142210|Comuna|Paso Viejo|14
142238|Comuna|Pincen|14
141484|Municipio|Pampayasta Sud|14
141708|Municipio|Pascanas|14
140931|Municipio|Piquillín|14
142966|Comuna|Plaza Luxardo|14
141316|Municipio|Porteña|14
143134|Comuna|Pozo Nuevo|14
142777|Comuna|Puesto De Castro|14
143162|Comuna|Punta Del Agua|14
141323|Municipio|Quebracho Herrado|14
140378|Municipio|Quilino|14
143057|Comuna|Rafael García|14
140455|Municipio|Reducción|14
142826|Comuna|Rincón|14
140861|Municipio|Río Cuarto|14
140938|Municipio|Río Primero|14
141071|Municipio|Río Segundo|14
141491|Municipio|Río Tercero|14
141330|Municipio|Sacanta|14
140595|Municipio|Saira|14
142343|Comuna|Saladillo|14
140154|Municipio|Saldán|14
140609|Municipio|Salsacate|14
540497|Municipio|San Javier|54
140161|Municipio|Salsipuedes|14
140868|Municipio|Sampacho|14
140056|Municipio|San Agustín|14
142511|Comuna|San Antonio De Arredondo|14
140875|Municipio|San Basilio|14
140602|Municipio|San Carlos Minas|14
143064|Comuna|San Clemente|14
141337|Municipio|San Francisco|14
141414|Municipio|San Francisco Del Chañar|14
142427|Comuna|San Gerónimo|14
142063|Comuna|San Ignacio|14
141141|Municipio|San José|14
142868|Comuna|San Lorenzo|14
140189|Municipio|San Marcos Sierras|14
141106|Municipio|San Pedro|14
142875|Comuna|San Vicente|14
142791|Comuna|Santa Elena|14
140035|Municipio|Santa Rosa De Calamuchita|14
142882|Comuna|Sauce Arriba|14
141526|Municipio|Sarmiento|14
143197|Comuna|Simbolar|14
349105|Junta Vecinal|Portón Negro|34
140196|Municipio|Serrezuela|14
141533|Municipio|Sinsacate|14
142588|Comuna|Suco|14
141498|Municipio|Tancacha|14
140728|Municipio|Tanti|14
142434|Comuna|Tala Cañada|14
142525|Comuna|Tala Huasi|14
140343|Municipio|Ticino|14
140350|Municipio|Tío Pujio|14
140889|Municipio|Tosquita|14
142217|Comuna|Tuclame|14
142973|Comuna|Toro Pujio|14
142399|Comuna|Tosno|14
141358|Municipio|Tránsito|14
140469|Municipio|Ucacha|14
345063|Comisión De Fomento|Tres Lagunas|34
143071|Comuna|Valle De Anisacate|14
141736|Municipio|Viamonte|14
140896|Municipio|Vicuña Mackenna|14
340007|Municipio|Laguna Yema|34
140168|Municipio|Unquillo|14
142077|Comuna|Villa Amancay|14
142084|Comuna|Villa Ciudad Parque Los Reartes|14
140742|Municipio|Villa Carlos Paz|14
142126|Comuna|Villa Cerro Azul|14
143078|Comuna|Villa Ciudad De América|14
141113|Municipio|Villa Cura Brochero|14
141148|Municipio|Villa De Las Rosas|14
140966|Municipio|Villa De María|14
141085|Municipio|Villa Del Rosario|14
140203|Municipio|Villa De Soto|14
141540|Municipio|Villa Del Totoral|14
142595|Comuna|Villa El Chacay|14
142350|Comuna|Villa Elisa|14
141155|Municipio|Villa Dolores|14
142301|Comuna|Villa Gutiérrez|14
908245|Comuna Rural|Rumipunco|90
340231|Municipio|Mayor Vicente E. Villafañe|34
140049|Municipio|Villa General Belgrano|14
140749|Municipio|Villa Giardino|14
140357|Municipio|Villa María|14
143106|Comuna|Villa Parque Santa Ana|14
142091|Comuna|Villa Quillinzo|14
908448|Comuna|Teniente Berdina|90
142546|Comuna|Villa Río Icho Cruz|14
540182|Municipio|Comandante A. Guacurary|54
540189|Municipio|San Antonio|54
141120|Municipio|Villa Sarmiento (S. A.)|14
141582|Municipio|Villa Tulumba|14
140063|Municipio|Villa Rumipal|14
142539|Comuna|Villa Santa Cruz Del Lago|14
140259|Municipio|Villa Valeria|14
141743|Municipio|Wenceslao Escalante|14
140021|Municipio|Los Cóndores|14
746133|Comisión Municipal|La Punilla|74
540035|Municipio|Aristóbulo Del Valle|54
740014|Municipio|Lujan|74
908623|Comuna|Choromoro|90
900126|Municipio|Municipalidad De Trancas|90
908630|Comuna|San Pedro De Colalao|90
908329|Comuna|Quilmes Y Los Sueldos|90
908308|Comuna Rural|Los Gomez|90
908287|Comuna Rural|Esquina Y Mancopa|90
540133|Municipio|Santa María|54
540385|Municipio|Guaraní|54
740021|Municipio|Quines|74
746287|Comisión Municipal|Las Vertientes|74
746315|Comisión Municipal|Paso Grande|74
740133|Municipio|San Luis|74
746042|Comisión Municipal|El Trapiche|74
740105|Municipio|Merlo|74
740119|Municipio|Juana Koslay|74
746189|Comisión Municipal|Navia|74
746168|Comisión Municipal|Batavia|74
540021|Municipio|San José|54
740077|Municipio|Villa Mercedes|74
740073|Municipio|Ranqueles|74
740007|Municipio|Candelaria|74
746231|Comisión Municipal|Alto Pelado|74
746238|Comisión Municipal|Alto Pencoso|74
746294|Comisión Municipal|Las Aguadas|74
740140|Municipio|San Martin|74
746322|Comisión Municipal|V|Comisión Municipal V
746098|Comisión Municipal|Villa Del Carmen|74
746091|Comisión Municipal|San Pablo|74
746084|Comisión Municipal|Renca|74
540476|Municipio|Ameghino|54
540357|Municipio|Campo Ramón|54
740063|Municipio|Tilisarao|74
746217|Comisión Municipal|Los Molles|74
746007|Comisión Municipal|Leandro N. Alem|74
746014|Comisión Municipal|La Calera|74
540007|Municipio|Apóstoles|54
908252|Comuna Rural|San Ignacio|90
908511|Comuna Rural|Manuela Pedraza|90
908077|Comuna|Colombres|90
140364|Municipio|Villa Nueva|14
143113|Comuna|Villa San Isidro|14
140945|Municipio|Santa Rosa De Río Primero|14
142252|Comuna|Villa Sarmiento (G.R.)|14
142602|Comuna|Washington|14
540028|Municipio|Tres Capones|54
749175|Comisión Municipal|Fortin El Patria|74
908273|Comuna Rural|Agua Dulce Y La Soledad|90
740108|Municipio|Desaguadero|74
908049|Comuna|Gdor. Piedrabuena|90
746308|Comisión Municipal|Las Lagunas|74
746301|Comisión Municipal|Las Chacras|74
908651|Comuna Rural|San Javier|90
740035|Municipio|V|Roca
740098|Municipio|Sta Rosa Del Conlara|74
540154|Municipio|Eldorado|54
540350|Municipio|Puerto Piray|54
900056|Municipio|Municipalidad De Juan Bautista Alberdi|90
908518|Comuna|Monteagudo|90
908462|Comuna Rural|El Polear|90
908483|Comuna|Santa Ana|90
908553|Comuna|Villa De Chicligasta|90
908189|Comuna|Trinidad|90
540308|Municipio|Garuhapé|54
746028|Comisión Municipal|V|Comisión Municipal V
746021|Comisión Municipal|Nogoli|74
746203|Comisión Municipal|Carpinteria|74
740042|Municipio|La Toma|74
740084|Municipio|Buena Esperanza|74
908504|Comuna Rural|Ciudacita|90
908532|Comuna|Rio Chico Y Nueva Trinidad|90
900091|Municipio|Municipalidad De Aguilares|90
908469|Comuna|Los Sarmiento Y La Tipa|90
908476|Comuna Rural|Monte Bello|90
908434|Comuna|Sargento Moya|90
908420|Comuna|Rio Seco|90
746126|Comisión Municipal|Juan Llerena|74
740049|Municipio|Concaran|74
746224|Comisión Municipal|Talita|74
746105|Comisión Municipal|Villa Larca|74
746077|Comisión Municipal|Papagayos|74
740056|Municipio|Naschel|74
908154|Comuna|San Andres|90
740070|Municipio|Justo Daract|74
746063|Comisión Municipal|Saladillo|74
746161|Comisión Municipal|Bagual|74
740091|Municipio|Union|74
746154|Comisión Municipal|Arizona|74
746196|Comisión Municipal|Nueva Galia|74
749182|Comisión Municipal|Fortuna|74
746147|Comisión Municipal|Anchorena|74
749119|Comisión Municipal|Juan Jorba|74
746140|Comisión Municipal|Lavaisse|74
746112|Comisión Municipal|San Jose Del Morro|74
746273|Comisión Municipal|San Jeronimo|74
746259|Comisión Municipal|El Volcan|74
746210|Comisión Municipal|Lafinur|74
740038|Municipio|Estancia Grande|74
749007|Municipio|La Punta|74
908497|Comuna Rural|Buena Vista|90
908210|Comuna|Taco Ralo|90
908203|Comuna|Lamadrid|90
908364|Comuna|San Felipe Y Santa Barbara|90
908567|Comuna|Amaicha Del Valle|90
908574|Comuna|Colalao Del Valle|90
908560|Comuna Rural|Municipalidad De Yerba Buena|90
540231|Municipio|Colonia Wanda|54
908147|Comuna|Ranchillos Y San Miguel|90
908014|Comuna|El Chañar|90
908070|Comuna|Villa Padre Monti|90
908105|Comuna|La Florida Y Luisiana|90
908140|Comuna|Los Ralos|90
746070|Comisión Municipal|Cortaderas|74
908644|Comuna|Cevil Redondo|90
908042|Comuna|Garmendia|90
908056|Comuna|La Ramada Y La Cruz|90
908133|Comuna|Los Perez|90
908294|Comuna|Estacion Araoz Y Tacanas|90
908280|Comuna Rural|El Mojon|90
908063|Comuna|Benjamin Araoz Y El Tajamar|90
908126|Comuna Rural|Los Pereyras|90
908112|Comuna|Las Cejas|90
908406|Comuna|Leon Rouges Y Santa Rosa|90
900084|Municipio|Municipalidad De Monteros|90
900119|Municipio|Municipalidad De Tafi Viejo|90
900007|Municipio|Municipalidad De Burruyacu|90
908007|Comuna|7 De Abril|90
900070|Municipio|Municipalidad De Bella Vista|90
908350|Comuna|Villa De Leales|90
908343|Comuna|Santa Rosa De Leales Y L. Blanca|90
908301|Comuna Rural|Las Talas|90
908119|Comuna Rural|Los Bulacios Y Los Villagras|90
908238|Comuna Rural|Huasa Pampa|90
908217|Comuna Rural|Escaba|90
908196|Comuna|Medina|90
908168|Comuna|Alto Verde Y Los Guchea|90
900042|Municipio|Municipalidad De Famailla|90
900028|Municipio|Municipalidad De Banda Del Rio Sali|90
908399|Comuna Rural|El Cercado|90
540049|Municipio|Dos De Mayo|54
908357|Comuna|El Manantial|90
540112|Municipio|Garupá|54
540091|Municipio|Profundidad|54
540063|Municipio|Candelaria|54
540077|Municipio|Loreto|54
540224|Municipio|Libertad|54
